,stock_ticker,price,sma_50,sma_150,sma_200,sma_200_20_days_before,low_of_52_weeks,high_of_52_weeks,rs_rating,is_pass_condition_1,is_pass_condition_2,is_pass_condition_3,is_pass_condition_4,is_pass_condition_5,is_pass_condition_6,is_pass_condition_7,is_pass_condition_8,is_pass_all_conditions
12,AAON,87.9,84.81,71.09,69.43,67.14,52.73,92.88,103.97,True,True,True,True,True,True,True,True,True
19,ABCB,47.35,46.44,44.99,43.78,42.61,28.6,53.53,77.78,True,True,True,True,True,True,True,True,True
49,ACGL,93.83,89.74,83.99,82.39,80.49,69.67,94.9,97.62,True,True,True,True,True,True,True,True,True
59,ACIW,33.11,31.86,28.11,26.95,26.03,19.75,33.83,97.62,True,True,True,True,True,True,True,True,True
66,ACNT,10.49,10.36,9.33,9.24,9.13,7.35,10.9,76.19,True,True,True,True,True,True,True,True,True
69,ACR,13.74,12.18,9.81,9.52,9.01,6.99,14.23,84.92,True,True,True,True,True,True,True,True,True
74,ACT,29.97,29.05,27.98,27.7,27.12,21.13,31.18,97.62,True,True,True,True,True,True,True,True,True
75,ACTG,5.02,4.62,4.04,4.0,3.92,3.46,5.37,79.37,True,True,True,True,True,True,True,True,True
84,ADCT,5.0,4.63,2.47,2.19,1.96,0.47,5.29,77.78,True,True,True,True,True,True,True,True,True
90,ADMA,6.36,5.97,4.7,4.5,4.27,3.08,6.74,86.51,True,True,True,True,True,True,True,True,True
96,ADSE,10.86,10.32,8.04,7.74,7.3,2.0,11.17,82.54,True,True,True,True,True,True,True,True,True
99,ADTH,3.18,3.11,2.08,1.91,1.75,1.13,3.72,84.13,True,True,True,True,True,True,True,True,True
103,ADV,4.65,4.09,3.45,3.25,3.06,1.17,4.65,104.76,True,True,True,True,True,True,True,True,True
112,AEG,6.16,5.89,5.53,5.42,5.3,4.05,6.3,109.52,True,True,True,True,True,True,True,True,True
117,AEL,56.03,55.4,54.62,54.26,53.37,36.88,56.03,98.41,True,True,True,True,True,True,True,True,True
118,AEM,62.69,55.4,51.27,50.5,49.25,42.71,63.84,87.3,True,True,True,True,True,True,True,True,True
124,AER,85.32,82.46,73.07,70.54,68.32,54.02,87.63,98.41,True,True,True,True,True,True,True,True,True
129,AEYE,12.8,9.2,6.21,5.93,5.34,3.95,14.74,73.81,True,True,True,True,True,True,True,True,True
133,AFBI,16.9,16.54,15.63,15.2,14.78,11.56,17.15,84.13,True,True,True,True,True,True,True,True,True
143,AFL,83.9,82.21,80.72,78.79,77.32,63.12,85.86,116.67,True,True,True,True,True,True,True,True,True
147,AFT,14.41,14.02,13.1,12.84,12.59,11.04,14.43,110.32,True,True,True,True,True,True,True,True,True
156,AGI,14.97,13.51,13.02,12.76,12.47,10.88,15.37,90.48,True,True,True,True,True,True,True,True,True
159,AGM,188.88,185.53,173.0,169.99,165.75,120.31,197.11,103.97,True,True,True,True,True,True,True,True,True
163,AGNCM,24.56,24.43,23.35,22.98,22.63,18.86,24.73,103.17,True,True,True,True,True,True,True,True,True
173,AGX,61.78,50.32,46.77,45.06,43.56,36.89,61.92,98.41,True,True,True,True,True,True,True,True,True
174,AGYS,85.39,80.78,80.33,77.77,76.4,63.77,91.4,79.37,True,True,True,True,True,True,True,True,True
183,AIG,75.15,74.1,67.63,65.37,63.48,48.77,78.34,103.97,True,True,True,True,True,True,True,True,True
194,AIR,66.62,63.51,62.89,62.07,61.57,50.11,72.28,87.3,True,True,True,True,True,True,True,True,True
198,AIRI,5.2,4.7,3.7,3.57,3.42,2.65,5.7,79.37,True,True,True,True,True,True,True,True,True
215,AKA,11.22,10.7,8.93,8.12,7.59,3.85,13.65,83.33,True,True,True,True,True,True,True,True,True
220,AKR,17.52,16.56,15.72,15.47,15.17,12.01,17.52,93.65,True,True,True,True,True,True,True,True,True
225,AL,50.05,45.79,41.05,40.98,40.14,33.44,51.44,97.62,True,True,True,True,True,True,True,True,True
227,ALAR,26.6,19.26,10.48,8.53,6.52,1.92,26.6,92.06,True,True,True,True,True,True,True,True,True
249,ALKT,24.73,24.31,22.51,21.05,20.29,11.01,26.45,92.06,True,True,True,True,True,True,True,True,True
250,ALL,175.17,163.93,144.17,134.71,128.75,99.11,175.41,92.86,True,True,True,True,True,True,True,True,True
257,ALLY,40.11,37.77,32.34,31.14,29.99,22.29,40.6,92.86,True,True,True,True,True,True,True,True,True
260,ALOT,17.75,17.43,15.65,15.29,15.03,11.81,18.0,84.92,True,True,True,True,True,True,True,True,True
261,ALPN,64.67,41.26,24.49,21.51,17.69,6.84,64.67,114.29,True,True,True,True,True,True,True,True,True
266,ALSN,79.74,76.77,63.38,62.13,59.59,44.68,82.58,111.11,True,True,True,True,True,True,True,True,True
274,ALV,117.75,116.78,105.72,102.99,99.78,79.47,123.51,104.76,True,True,True,True,True,True,True,True,True
278,ALXO,14.5,13.62,11.47,9.96,9.48,4.19,16.79,85.71,True,True,True,True,True,True,True,True,True
280,AM,13.77,13.52,12.63,12.32,11.99,9.27,14.34,88.89,True,True,True,True,True,True,True,True,True
287,AMBP,3.68,3.44,3.39,3.36,3.35,2.44,3.89,83.33,True,True,True,True,True,True,True,True,True
292,AME,179.76,179.36,163.18,161.47,159.17,132.88,184.91,97.62,True,True,True,True,True,True,True,True,True
294,AMG,161.91,160.8,146.14,144.71,143.15,121.52,169.52,94.44,True,True,True,True,True,True,True,True,True
298,AMK,35.7,34.87,29.62,29.44,28.81,23.18,37.06,88.1,True,True,True,True,True,True,True,True,True
321,AMTB,22.6,21.92,21.34,20.78,20.43,15.9,25.46,72.22,True,True,True,True,True,True,True,True,True
330,ANDE,59.69,55.37,53.03,52.18,50.98,35.71,59.69,105.56,True,True,True,True,True,True,True,True,True
338,ANIP,66.11,65.01,58.79,58.54,57.12,37.29,69.69,92.86,True,True,True,True,True,True,True,True,True
351,AOMR,11.77,10.68,9.79,9.47,9.1,6.33,11.77,112.7,True,True,True,True,True,True,True,True,True
354,AORT,20.54,20.02,17.38,17.13,16.68,12.33,21.64,82.54,True,True,True,True,True,True,True,True,True
355,AOS,87.22,85.31,78.06,76.35,74.7,63.13,89.88,94.44,True,True,True,True,True,True,True,True,True
365,APEI,13.45,12.59,9.25,8.22,7.39,3.89,15.57,79.37,True,True,True,True,True,True,True,True,True
366,APG,37.76,37.63,32.26,31.17,29.97,21.65,39.57,107.14,True,True,True,True,True,True,True,True,True
368,APH,113.66,110.86,97.39,94.56,91.46,72.3,117.38,94.44,True,True,True,True,True,True,True,True,True
377,APO,112.94,111.1,97.68,93.89,90.38,56.84,116.06,124.6,True,True,True,True,True,True,True,True,True
378,APOG,60.42,57.26,51.3,50.57,49.27,36.35,60.42,91.27,True,True,True,True,True,True,True,True,True
380,APP,71.2,65.46,48.56,45.32,40.77,15.44,78.24,99.21,True,True,True,True,True,True,True,True,True
385,APT,5.98,5.94,5.12,4.88,4.65,3.69,6.82,78.57,True,True,True,True,True,True,True,True,True
406,ARCB,142.89,140.42,122.18,118.18,113.08,83.54,151.75,84.13,True,True,True,True,True,True,True,True,True
411,ARDC,13.94,13.77,12.88,12.58,12.31,10.52,14.15,115.08,True,True,True,True,True,True,True,True,True
417,ARES,133.96,132.78,117.87,113.14,109.29,77.24,136.58,104.76,True,True,True,True,True,True,True,True,True
420,ARHS,14.45,14.13,11.16,10.96,10.4,6.58,16.27,97.62,True,True,True,True,True,True,True,True,True
421,ARI,10.91,10.73,10.45,10.33,10.25,8.15,11.93,88.1,True,True,True,True,True,True,True,True,True
429,ARMK,32.36,31.43,28.71,28.53,28.3,23.86,32.65,83.33,True,True,True,True,True,True,True,True,True
430,ARMN,3.93,3.32,2.98,2.83,2.7,2.05,3.94,82.54,True,True,True,True,True,True,True,True,True
432,AROC,19.75,18.94,15.7,14.71,13.73,8.71,21.08,105.56,True,True,True,True,True,True,True,True,True
434,ARQ,6.75,5.24,3.34,3.01,2.51,1.25,7.56,96.83,True,True,True,True,True,True,True,True,True
451,ASB,21.18,20.66,19.21,18.7,18.25,13.78,21.77,77.78,True,True,True,True,True,True,True,True,True
453,ASC,16.24,16.14,14.56,14.03,13.62,11.25,16.94,89.68,True,True,True,True,True,True,True,True,True
457,ASGN,100.68,99.18,91.98,88.91,86.49,63.85,104.76,95.24,True,True,True,True,True,True,True,True,True
471,ASR,324.15,306.29,268.63,267.95,264.13,193.64,331.34,79.37,True,True,True,True,True,True,True,True,True
504,ATKR,175.99,170.39,151.72,151.65,148.59,116.52,193.58,99.21,True,True,True,True,True,True,True,True,True
512,ATMU,31.11,27.57,23.65,23.54,22.52,18.5,33.25,93.65,True,True,True,True,True,True,True,True,True
551,AVAV,156.59,144.76,129.22,121.65,116.62,90.26,182.25,85.71,True,True,True,True,True,True,True,True,True
565,AVPT,7.88,7.85,7.77,7.4,7.22,4.1,8.5,88.89,True,True,True,True,True,True,True,True,True
569,AVTR,25.71,24.94,22.39,22.13,21.64,17.15,26.07,92.86,True,True,True,True,True,True,True,True,True
582,AX,51.94,51.43,46.93,46.03,44.92,33.36,56.88,70.63,True,True,True,True,True,True,True,True,True
589,AXP,236.1,220.14,185.58,179.94,174.79,140.42,236.1,100.0,True,True,True,True,True,True,True,True,True
607,AZZ,81.51,74.64,59.47,56.0,52.49,34.48,81.88,107.14,True,True,True,True,True,True,True,True,True
611,BAC,38.22,35.7,31.79,31.18,30.34,24.8,38.22,88.89,True,True,True,True,True,True,True,True,True
618,BALL,65.49,64.61,56.63,56.16,55.16,42.53,67.84,80.95,True,True,True,True,True,True,True,True,True
627,BANX,18.65,18.39,17.34,16.79,16.45,12.78,19.04,83.33,True,True,True,True,True,True,True,True,True
640,BBAR,9.73,7.53,5.72,5.59,5.28,3.61,9.73,89.68,True,True,True,True,True,True,True,True,True
643,BBDC,9.4,9.22,8.76,8.56,8.36,6.4,9.69,98.41,True,True,True,True,True,True,True,True,True
648,BBLGW,23.04,14.02,8.48,7.17,5.7,0.02,25.01,111.9,True,True,True,True,True,True,True,True,True
650,BBSI,123.6,119.71,109.52,105.22,101.83,77.54,126.72,103.97,True,True,True,True,True,True,True,True,True
653,BBVA,11.35,10.58,9.1,8.66,8.27,6.15,11.53,107.94,True,True,True,True,True,True,True,True,True
654,BBW,29.47,26.31,25.15,25.06,24.31,18.06,29.87,85.71,True,True,True,True,True,True,True,True,True
670,BCO,89.09,85.48,80.26,78.17,76.33,59.62,92.38,97.62,True,True,True,True,True,True,True,True,True
675,BCS,9.64,8.88,7.72,7.65,7.46,6.05,9.87,95.24,True,True,True,True,True,True,True,True,True
678,BCSF,16.11,15.37,14.83,14.6,14.26,9.97,16.11,119.84,True,True,True,True,True,True,True,True,True
694,BECN,97.11,91.67,83.92,83.29,81.6,57.24,102.05,98.41,True,True,True,True,True,True,True,True,True
695,BEDU,2.05,2.0,1.51,1.4,1.35,0.83,2.52,80.16,True,True,True,True,True,True,True,True,True
699,BELFA,70.25,68.69,60.0,58.15,56.84,32.9,78.7,91.27,True,True,True,True,True,True,True,True,True
716,BFIN,10.19,10.18,9.58,9.3,9.07,7.0,11.01,88.1,True,True,True,True,True,True,True,True,True
722,BFST,21.93,21.57,21.17,20.55,20.02,13.28,25.17,75.4,True,True,True,True,True,True,True,True,True
735,BGT,12.98,12.81,11.94,11.69,11.46,9.89,13.2,111.9,True,True,True,True,True,True,True,True,True
744,BHE,30.29,29.81,26.93,26.48,26.01,20.3,31.07,94.44,True,True,True,True,True,True,True,True,True
786,BK,57.22,55.79,50.4,48.79,47.51,38.61,57.66,104.76,True,True,True,True,True,True,True,True,True
787,BKD,6.81,6.2,5.34,5.0,4.76,3.39,6.92,83.33,True,True,True,True,True,True,True,True,True
788,BKDT,92.57,86.15,74.72,70.19,66.95,49.28,94.96,79.37,True,True,True,True,True,True,True,True,True
799,BKU,27.68,26.54,26.19,26.04,25.53,15.68,32.34,78.57,True,True,True,True,True,True,True,True,True
803,BLBD,35.99,34.29,26.39,25.13,23.74,17.58,38.38,110.32,True,True,True,True,True,True,True,True,True
824,BLX,29.86,27.99,24.81,24.25,23.37,16.74,30.24,110.32,True,True,True,True,True,True,True,True,True
826,BMA,54.1,43.68,30.68,28.81,26.16,14.99,54.1,101.59,True,True,True,True,True,True,True,True,True
853,BNTC,6.99,4.94,3.79,3.6,3.45,1.93,6.99,89.68,True,True,True,True,True,True,True,True,True
877,BPMC,92.18,89.67,75.33,69.85,67.11,43.96,99.79,103.17,True,True,True,True,True,True,True,True,True
878,BPOP,87.31,84.06,76.48,73.77,71.38,52.59,88.82,80.16,True,True,True,True,True,True,True,True,True
899,BRFS,3.36,3.18,2.74,2.54,2.41,1.19,3.47,89.68,True,True,True,True,True,True,True,True,True
933,BSVN,27.99,27.42,25.16,25.08,24.73,20.2,28.26,77.78,True,True,True,True,True,True,True,True,True
934,BSX,68.39,67.29,59.48,57.67,56.26,48.64,68.84,101.59,True,True,True,True,True,True,True,True,True
950,BTO,28.02,27.97,27.22,27.0,26.76,20.96,30.48,77.78,True,True,True,True,True,True,True,True,True
964,BUSE,23.19,22.8,21.88,21.46,21.16,16.23,24.87,75.4,True,True,True,True,True,True,True,True,True
965,BV,11.34,10.28,8.67,8.53,8.11,5.17,12.18,99.21,True,True,True,True,True,True,True,True,True
973,BWB,12.05,11.64,11.25,11.05,10.92,8.09,13.86,76.98,True,True,True,True,True,True,True,True,True
979,BWMX,19.57,17.81,15.22,14.95,14.29,10.11,20.45,102.38,True,True,True,True,True,True,True,True,True
988,BXSL,31.94,29.9,27.71,27.17,26.54,22.57,31.94,116.67,True,True,True,True,True,True,True,True,True
996,BYRN,12.77,12.67,7.71,6.68,5.83,2.24,14.99,84.13,True,True,True,True,True,True,True,True,True
999,BZ,18.56,17.54,15.96,15.89,15.58,13.01,20.79,73.02,True,True,True,True,True,True,True,True,True
1003,C,61.9,58.39,50.17,48.38,46.93,37.39,63.46,94.44,True,True,True,True,True,True,True,True,True
1004,CAAP,16.85,15.65,14.61,14.44,13.92,10.06,17.61,77.78,True,True,True,True,True,True,True,True,True
1010,CACI,383.68,370.73,341.63,340.6,336.79,294.1,383.68,106.35,True,True,True,True,True,True,True,True,True
1012,CADE,28.58,27.44,25.67,24.86,24.09,16.97,30.76,83.33,True,True,True,True,True,True,True,True,True
1013,CADL,5.76,2.83,1.66,1.54,1.21,0.68,7.28,84.92,True,True,True,True,True,True,True,True,True
1022,CALM,59.72,59.14,53.62,51.69,50.25,42.93,62.92,90.48,True,True,True,True,True,True,True,True,True
1030,CAPL,23.12,22.3,21.9,21.07,20.64,16.75,23.49,104.76,True,True,True,True,True,True,True,True,True
1036,CARG,23.15,22.87,21.46,21.09,21.02,15.5,24.49,97.62,True,True,True,True,True,True,True,True,True
1045,CASY,313.08,305.26,285.34,276.26,268.19,216.62,319.38,96.83,True,True,True,True,True,True,True,True,True
1046,CAT,363.22,346.19,294.94,288.47,276.37,202.01,377.92,103.97,True,True,True,True,True,True,True,True,True
1047,CATC,64.68,64.25,62.84,60.83,60.03,44.62,72.06,78.57,True,True,True,True,True,True,True,True,True
1049,CATX,1.6,1.19,0.65,0.61,0.53,0.21,1.6,95.24,True,True,True,True,True,True,True,True,True
1064,CBT,93.05,88.49,78.57,76.19,73.71,62.92,98.24,81.75,True,True,True,True,True,True,True,True,True
1067,CBZ,76.93,74.91,63.71,61.32,59.19,49.55,78.5,122.22,True,True,True,True,True,True,True,True,True
1069,CCAP,17.2,16.71,16.15,15.9,15.55,11.8,17.26,97.62,True,True,True,True,True,True,True,True,True
1074,CCD,21.8,21.34,19.3,19.2,19.09,16.11,22.36,95.24,True,True,True,True,True,True,True,True,True
1081,CCJ,47.89,44.0,43.27,41.18,39.54,26.05,50.56,90.48,True,True,True,True,True,True,True,True,True
1102,CDE,4.49,3.51,2.97,2.89,2.75,2.01,4.93,76.98,True,True,True,True,True,True,True,True,True
1111,CDRO,6.99,6.69,4.42,4.11,3.74,2.47,7.66,91.27,True,True,True,True,True,True,True,True,True
1122,CECO,23.4,22.16,19.64,18.05,17.09,10.76,24.02,86.51,True,True,True,True,True,True,True,True,True
1124,CEG,186.79,169.78,134.37,126.32,117.19,75.07,193.08,101.59,True,True,True,True,True,True,True,True,True
1127,CELC,18.08,17.6,14.27,13.17,12.42,8.7,21.6,86.51,True,True,True,True,True,True,True,True,True
1131,CEM,45.76,43.84,38.96,37.84,36.54,28.54,46.37,95.24,True,True,True,True,True,True,True,True,True
1135,CENX,17.74,13.35,10.2,9.71,8.97,5.79,17.99,83.33,True,True,True,True,True,True,True,True,True
1136,CEPU,10.29,8.95,7.77,7.31,6.96,4.86,10.85,86.51,True,True,True,True,True,True,True,True,True
1137,CERE,42.03,41.93,35.17,32.69,31.81,20.26,43.27,88.1,True,True,True,True,True,True,True,True,True
1153,CFG,34.73,33.36,30.06,29.57,28.74,22.18,36.29,80.16,True,True,True,True,True,True,True,True,True
1155,CFR,114.31,108.55,101.3,101.04,100.54,82.18,114.31,77.78,True,True,True,True,True,True,True,True,True
1157,CG,46.15,45.74,38.17,36.57,35.05,24.64,47.85,109.52,True,True,True,True,True,True,True,True,True
1161,CGBD,16.85,15.82,14.63,14.41,14.11,11.66,16.85,106.35,True,True,True,True,True,True,True,True,True
1172,CHCI,6.3,5.21,4.72,4.65,4.46,3.51,7.94,84.92,True,True,True,True,True,True,True,True,True
1194,CHRD,182.21,170.11,161.28,158.61,155.04,125.26,187.42,103.97,True,True,True,True,True,True,True,True,True
1207,CHW,6.32,6.28,5.71,5.68,5.59,4.84,6.55,88.1,True,True,True,True,True,True,True,True,True
1211,CI,356.59,348.11,312.75,304.93,296.77,238.31,364.08,116.67,True,True,True,True,True,True,True,True,True
1226,CION,11.36,10.79,10.37,10.21,10.05,7.85,11.36,92.86,True,True,True,True,True,True,True,True,True
1232,CIX,32.57,30.07,24.08,23.47,22.31,16.91,37.9,88.1,True,True,True,True,True,True,True,True,True
1236,CKX,14.4,13.43,13.01,12.5,12.17,9.42,14.4,91.27,True,True,True,True,True,True,True,True,True
1237,CL,88.56,86.69,79.5,78.03,76.85,67.62,89.53,97.62,True,True,True,True,True,True,True,True,True
1251,CLH,199.75,191.18,174.41,173.07,169.44,135.7,203.45,101.59,True,True,True,True,True,True,True,True,True
1255,CLMB,67.0,66.0,54.68,51.92,49.98,37.9,72.12,109.52,True,True,True,True,True,True,True,True,True
1267,CLS,44.31,44.16,33.19,30.0,27.01,10.63,49.43,100.0,True,True,True,True,True,True,True,True,True
1269,CLSK,20.3,17.53,10.35,9.14,7.96,3.42,23.4,72.22,True,True,True,True,True,True,True,True,True
1274,CLW,40.08,39.74,36.88,36.33,35.38,29.4,43.94,76.98,True,True,True,True,True,True,True,True,True
1278,CMA,52.93,51.08,47.85,47.58,46.44,29.4,56.03,84.92,True,True,True,True,True,True,True,True,True
1288,CMG,2911.32,2788.72,2355.79,2255.0,2175.03,1780.0,2990.69,105.56,True,True,True,True,True,True,True,True,True
1289,CMI,292.8,280.46,246.09,244.22,238.2,200.14,302.86,101.59,True,True,True,True,True,True,True,True,True
1298,CMRE,11.34,11.13,10.16,10.12,9.92,7.38,11.46,75.4,True,True,True,True,True,True,True,True,True
1308,CNA,44.58,44.04,40.82,39.83,39.07,34.22,45.42,98.41,True,True,True,True,True,True,True,True,True
1320,CNM,55.83,52.11,40.97,38.55,35.98,25.25,59.75,125.4,True,True,True,True,True,True,True,True,True
1325,CNOBP,19.8,19.45,18.2,17.69,17.29,13.39,20.25,85.71,True,True,True,True,True,True,True,True,True
1327,CNQ,76.27,72.49,66.32,64.54,62.13,51.5,82.32,101.59,True,True,True,True,True,True,True,True,True
1337,CNX,24.0,22.25,21.45,21.27,20.63,14.56,24.62,95.24,True,True,True,True,True,True,True,True,True
1344,CODI,23.33,23.09,20.88,20.81,20.53,16.67,24.29,80.95,True,True,True,True,True,True,True,True,True
1348,COF,147.65,139.52,121.91,118.18,114.86,83.73,148.89,88.1,True,True,True,True,True,True,True,True,True
1354,COIN,235.68,225.01,150.46,134.49,117.73,48.49,279.71,92.06,True,True,True,True,True,True,True,True,True
1368,COOP,79.21,74.6,65.07,62.72,60.11,41.91,79.21,106.35,True,True,True,True,True,True,True,True,True
1370,COP,128.42,120.91,116.85,116.14,113.29,93.01,133.52,91.27,True,True,True,True,True,True,True,True,True
1382,CPAY,304.55,293.26,271.31,268.81,263.23,207.09,316.14,101.59,True,True,True,True,True,True,True,True,True
1385,CPF,19.57,18.99,18.02,17.66,17.3,12.75,19.93,86.51,True,True,True,True,True,True,True,True,True
1404,CR,135.17,129.7,112.63,106.76,101.85,67.94,138.02,103.97,True,True,True,True,True,True,True,True,True
1405,CRAI,147.25,134.69,111.04,109.45,105.06,82.86,150.53,109.52,True,True,True,True,True,True,True,True,True
1406,CRBG,27.06,26.05,22.44,21.05,19.9,13.33,28.95,116.67,True,True,True,True,True,True,True,True,True
1407,CRBP,38.13,35.54,17.09,14.55,11.62,3.16,47.08,91.27,True,True,True,True,True,True,True,True,True
1409,CRC,55.35,53.86,52.59,52.56,51.43,36.91,57.31,90.48,True,True,True,True,True,True,True,True,True
1412,CRDL,1.76,1.66,1.17,1.12,1.02,0.55,2.06,80.95,True,True,True,True,True,True,True,True,True
1415,CRESY,9.69,8.56,8.32,8.09,7.93,5.23,9.91,87.3,True,True,True,True,True,True,True,True,True
1424,CRIS,14.64,11.85,9.49,7.28,5.98,0.38,16.8,85.71,True,True,True,True,True,True,True,True,True
1434,CRNX,44.33,42.48,35.68,31.58,29.09,15.97,48.03,76.19,True,True,True,True,True,True,True,True,True
1435,CRON,2.44,2.33,2.1,2.06,1.99,1.67,2.88,73.81,True,True,True,True,True,True,True,True,True
1436,CROX,127.19,126.9,104.95,104.91,103.04,77.27,147.78,76.98,True,True,True,True,True,True,True,True,True
1437,CRS,78.99,69.68,67.39,65.29,63.02,44.35,80.41,103.97,True,True,True,True,True,True,True,True,True
1444,CRVO,24.07,19.22,12.01,10.25,8.6,3.0,25.93,79.37,True,True,True,True,True,True,True,True,True
1454,CSL,376.27,368.49,311.8,301.04,287.76,203.98,400.5,107.94,True,True,True,True,True,True,True,True,True
1464,CSTM,21.2,20.47,18.73,18.48,18.0,13.6,22.88,83.33,True,True,True,True,True,True,True,True,True
1466,CSWC,25.52,24.06,22.75,22.06,21.4,15.55,25.52,120.63,True,True,True,True,True,True,True,True,True
1468,CSWI,236.5,232.11,203.89,197.37,190.35,132.58,240.1,107.94,True,True,True,True,True,True,True,True,True
1470,CTAS,666.02,643.57,580.16,559.16,541.25,435.28,687.03,119.05,True,True,True,True,True,True,True,True,True
1472,CTBI,42.67,40.28,39.31,38.42,37.9,31.75,44.43,79.37,True,True,True,True,True,True,True,True,True
1486,CTR,41.4,39.88,35.18,34.14,32.97,25.42,42.58,110.32,True,True,True,True,True,True,True,True,True
1488,CTRE,23.75,23.4,22.03,21.4,20.91,17.46,24.52,87.3,True,True,True,True,True,True,True,True,True
1495,CTV,2.31,2.08,1.58,1.47,1.35,0.89,2.5,80.16,True,True,True,True,True,True,True,True,True
1507,CURV,4.87,4.48,4.05,3.64,3.47,1.23,6.35,82.54,True,True,True,True,True,True,True,True,True
1514,CVEO,25.5,24.78,22.51,21.54,20.81,17.47,27.77,87.3,True,True,True,True,True,True,True,True,True
1522,CVLY,22.69,22.42,21.77,21.44,21.2,15.8,25.53,71.43,True,True,True,True,True,True,True,True,True
1531,CW,253.47,244.83,222.83,216.78,209.6,157.44,259.13,103.97,True,True,True,True,True,True,True,True,True
1539,CWST,95.36,94.03,85.7,84.8,84.07,73.32,98.87,84.92,True,True,True,True,True,True,True,True,True
1548,CXW,15.05,15.02,13.86,12.89,12.32,8.33,16.11,88.89,True,True,True,True,True,True,True,True,True
1568,DAC,74.57,72.23,70.76,69.93,69.31,54.46,79.37,80.95,True,True,True,True,True,True,True,True,True
1571,DAKT,9.21,9.04,9.03,8.73,8.43,4.77,12.17,96.83,True,True,True,True,True,True,True,True,True
1582,DAVE,39.21,32.25,16.46,13.97,11.04,4.55,40.75,95.24,True,True,True,True,True,True,True,True,True
1583,DAWN,15.51,15.21,13.63,13.52,13.29,9.68,17.46,83.33,True,True,True,True,True,True,True,True,True
1585,DB,16.37,14.67,12.95,12.43,11.9,9.94,16.37,107.94,True,True,True,True,True,True,True,True,True
1598,DCO,53.44,50.62,49.34,48.46,47.71,40.76,56.81,91.27,True,True,True,True,True,True,True,True,True
1608,DDOG,127.17,125.81,113.88,110.58,107.91,62.69,136.15,107.14,True,True,True,True,True,True,True,True,True
1617,DELL,119.36,109.68,85.57,78.75,72.14,41.67,132.72,90.48,True,True,True,True,True,True,True,True,True
1621,DESP,12.1,10.51,8.89,8.59,8.12,5.1,13.14,91.27,True,True,True,True,True,True,True,True,True
1623,DFIN,64.94,62.52,59.51,56.65,55.08,41.78,65.53,101.59,True,True,True,True,True,True,True,True,True
1626,DFS,127.08,122.26,104.79,103.62,102.79,80.49,131.09,102.38,True,True,True,True,True,True,True,True,True
1642,DHR,251.87,248.69,229.44,228.18,225.06,185.1,256.19,92.86,True,True,True,True,True,True,True,True,True
1643,DHT,11.23,11.22,10.68,10.34,10.05,7.68,11.88,76.98,True,True,True,True,True,True,True,True,True
1647,DIBS,5.45,5.43,4.69,4.53,4.35,3.52,6.15,89.68,True,True,True,True,True,True,True,True,True
1654,DJCO,355.11,354.37,327.92,319.67,313.19,270.51,395.44,101.59,True,True,True,True,True,True,True,True,True
1657,DK,29.42,29.03,27.39,27.27,26.54,19.62,33.39,88.89,True,True,True,True,True,True,True,True,True
1660,DKS,204.5,195.01,150.29,145.06,138.14,101.02,224.86,83.33,True,True,True,True,True,True,True,True,True
1685,DNN,2.01,1.94,1.81,1.69,1.61,1.01,2.22,89.68,True,True,True,True,True,True,True,True,True
1686,DNOW,14.82,14.16,11.91,11.71,11.26,8.89,15.43,79.37,True,True,True,True,True,True,True,True,True
1694,DOCU,56.67,55.95,51.35,51.05,50.46,38.53,63.55,93.65,True,True,True,True,True,True,True,True,True
1701,DOOR,131.35,130.72,102.59,102.47,99.54,77.65,131.59,91.27,True,True,True,True,True,True,True,True,True
1704,DOV,172.15,170.5,152.4,150.5,147.78,128.42,177.9,92.86,True,True,True,True,True,True,True,True,True
1711,DPSI,8.5,8.41,6.7,6.43,6.11,4.23,9.1,81.75,True,True,True,True,True,True,True,True,True
1712,DPZ,479.91,461.48,412.5,406.71,390.73,289.85,506.83,94.44,True,True,True,True,True,True,True,True,True
1728,DSGR,34.12,33.01,30.24,29.17,28.37,22.12,35.94,96.03,True,True,True,True,True,True,True,True,True
1729,DSGX,95.63,89.9,83.1,81.26,79.99,69.8,95.63,94.44,True,True,True,True,True,True,True,True,True
1746,DTM,63.22,59.14,56.06,55.09,53.78,45.46,63.52,96.83,True,True,True,True,True,True,True,True,True
1753,DUOL,218.76,210.28,197.8,184.89,178.58,119.66,241.21,89.68,True,True,True,True,True,True,True,True,True
1756,DVA,135.58,130.83,108.47,107.01,103.78,73.2,139.21,88.1,True,True,True,True,True,True,True,True,True
1765,DXPE,51.36,45.84,37.13,36.92,35.3,23.61,56.49,84.92,True,True,True,True,True,True,True,True,True
1769,DY,138.87,133.64,111.13,108.42,105.54,81.36,143.65,92.06,True,True,True,True,True,True,True,True,True
1782,EAT,47.24,46.84,40.26,39.11,38.06,28.92,50.96,84.13,True,True,True,True,True,True,True,True,True
1816,EDR,26.44,25.19,23.64,23.56,23.24,17.67,26.56,87.3,True,True,True,True,True,True,True,True,True
1820,EDU,89.93,89.8,76.84,70.8,66.38,36.0,96.31,100.79,True,True,True,True,True,True,True,True,True
1831,EFSCP,19.0,18.18,16.73,16.46,16.15,13.9,20.04,84.13,True,True,True,True,True,True,True,True,True
1843,EGO,14.34,13.03,11.93,11.39,10.92,8.43,15.66,93.65,True,True,True,True,True,True,True,True,True
1847,EGY,6.51,5.66,4.81,4.7,4.4,3.63,7.48,86.51,True,True,True,True,True,True,True,True,True
1850,EHC,81.71,77.5,70.31,69.98,68.5,59.79,83.36,89.68,True,True,True,True,True,True,True,True,True
1867,ELC,21.5,0.72,0.49,0.47,0.38,0.25,21.5,100.0,True,True,True,True,True,True,True,True,True
1872,ELMD,15.7,15.38,12.07,11.67,11.29,9.24,17.61,73.02,True,True,True,True,True,True,True,True,True
1885,ELYM,3.9,3.0,2.77,2.76,2.7,2.34,4.75,75.4,True,True,True,True,True,True,True,True,True
1890,EME,338.52,320.67,249.56,239.87,223.69,157.86,365.02,118.25,True,True,True,True,True,True,True,True,True
1893,EML,31.77,28.28,22.84,21.71,20.4,16.13,34.2,80.95,True,True,True,True,True,True,True,True,True
1895,EMN,96.93,92.89,85.03,84.79,83.16,69.03,102.02,82.54,True,True,True,True,True,True,True,True,True
1896,EMO,40.87,38.92,35.14,34.21,33.14,26.52,41.48,103.17,True,True,True,True,True,True,True,True,True
1905,ENLC,13.62,13.0,12.61,12.44,12.12,8.47,13.95,96.03,True,True,True,True,True,True,True,True,True
1920,ENVA,62.14,61.16,53.1,52.99,52.14,36.14,63.51,92.06,True,True,True,True,True,True,True,True,True
1934,EPAC,35.74,34.15,30.64,29.67,28.89,23.13,35.74,97.62,True,True,True,True,True,True,True,True,True
1946,EQBK,33.53,32.46,29.94,28.84,27.99,20.9,34.69,85.71,True,True,True,True,True,True,True,True,True
1948,EQH,37.17,35.61,32.01,31.08,30.09,22.82,38.01,107.14,True,True,True,True,True,True,True,True,True
1957,ERF,20.18,18.61,16.76,16.72,16.17,13.66,20.67,96.83,True,True,True,True,True,True,True,True,True
1962,ERJ,24.43,22.76,18.49,17.63,16.7,12.88,27.04,91.27,True,True,True,True,True,True,True,True,True
1966,ESAB,107.04,102.78,86.39,82.24,78.03,55.62,113.86,98.41,True,True,True,True,True,True,True,True,True
1994,ETN,313.47,301.31,252.47,243.66,232.29,161.92,330.51,116.67,True,True,True,True,True,True,True,True,True
1999,ETRN,12.94,11.51,10.31,10.12,9.82,4.76,12.94,92.06,True,True,True,True,True,True,True,True,True
2006,EU,4.26,4.21,3.91,3.55,3.37,1.84,4.84,77.78,True,True,True,True,True,True,True,True,True
2007,EUDA,1.73,1.58,1.42,1.28,1.21,0.5,1.97,83.33,True,True,True,True,True,True,True,True,True
2016,EVER,18.64,17.54,12.35,10.87,9.74,5.55,19.97,100.79,True,True,True,True,True,True,True,True,True
2031,EVR,196.21,189.2,164.28,157.33,150.74,105.74,196.33,107.14,True,True,True,True,True,True,True,True,True
2040,EWBC,75.36,74.38,66.66,64.26,62.13,41.39,79.25,82.54,True,True,True,True,True,True,True,True,True
2064,EZPW,11.24,10.75,9.25,9.12,8.88,7.7,11.33,76.98,True,True,True,True,True,True,True,True,True
2071,FANG,201.02,190.42,167.14,162.3,155.29,124.86,208.26,100.0,True,True,True,True,True,True,True,True,True
2086,FBK,37.95,35.96,34.64,33.93,33.22,24.85,40.76,71.43,True,True,True,True,True,True,True,True,True
2090,FBP,17.08,16.88,15.67,15.28,14.84,10.71,17.54,83.33,True,True,True,True,True,True,True,True,True
2100,FCFS,131.98,121.85,112.97,108.24,104.95,88.15,132.07,82.54,True,True,True,True,True,True,True,True,True
2102,FCNCA,1628.19,1566.38,1463.36,1443.19,1411.83,957.52,1635.0,84.92,True,True,True,True,True,True,True,True,True
2121,FEI           ,9.75,9.27,8.68,8.52,8.33,7.31,9.76,97.62,True,True,True,True,True,True,True,True,True
2125,FEN,16.17,15.67,14.67,14.47,14.17,12.43,16.57,85.71,True,True,True,True,True,True,True,True,True
2128,FERG,211.39,210.64,185.81,178.94,172.81,133.83,223.85,103.97,True,True,True,True,True,True,True,True,True
2150,FHB,21.68,21.25,20.43,20.21,19.95,15.62,23.14,73.81,True,True,True,True,True,True,True,True,True
2153,FHN,14.94,14.56,13.22,13.08,12.78,9.67,17.59,77.78,True,True,True,True,True,True,True,True,True
2155,FI,157.4,151.78,135.07,132.37,129.32,109.61,159.82,105.56,True,True,True,True,True,True,True,True,True
2159,FIF,18.22,17.4,16.34,16.07,15.71,13.86,18.44,106.35,True,True,True,True,True,True,True,True,True
2165,FIP,7.14,5.66,4.3,4.1,3.8,2.66,7.14,99.21,True,True,True,True,True,True,True,True,True
2166,FIS,71.78,69.33,61.05,60.19,58.57,47.16,74.18,86.51,True,True,True,True,True,True,True,True,True
2168,FITB,36.6,35.25,31.36,30.33,29.44,22.89,37.21,94.44,True,True,True,True,True,True,True,True,True
2174,FIX,303.47,297.99,226.77,214.3,200.32,131.88,323.4,92.86,True,True,True,True,True,True,True,True,True
2190,FLR,40.21,39.47,37.99,36.79,35.66,25.83,42.78,84.13,True,True,True,True,True,True,True,True,True
2191,FLS,46.97,44.61,40.91,40.34,39.38,32.12,47.89,102.38,True,True,True,True,True,True,True,True,True
2195,FLXS,38.67,36.1,25.84,24.53,22.66,15.96,41.31,103.17,True,True,True,True,True,True,True,True,True
2245,FPL,7.69,7.33,6.91,6.76,6.6,5.73,7.72,96.03,True,True,True,True,True,True,True,True,True
2250,FRD,19.29,18.25,15.13,15.08,14.29,9.55,19.31,97.62,True,True,True,True,True,True,True,True,True
2251,FREE,4.82,4.77,3.91,3.9,3.76,2.27,4.84,89.68,True,True,True,True,True,True,True,True,True
2259,FRME,34.4,33.71,32.43,31.95,31.45,24.89,37.94,70.63,True,True,True,True,True,True,True,True,True
2271,FSCO,5.95,5.82,5.67,5.55,5.44,4.17,5.99,108.73,True,True,True,True,True,True,True,True,True
2273,FSEA,8.66,8.56,7.74,7.72,7.66,6.26,9.13,76.19,True,True,True,True,True,True,True,True,True
2279,FSM,4.6,3.6,3.39,3.34,3.22,2.64,4.8,73.81,True,True,True,True,True,True,True,True,True
2281,FSS,82.73,81.74,72.93,69.84,67.8,49.89,86.54,98.41,True,True,True,True,True,True,True,True,True
2285,FTAI,73.44,62.53,49.15,45.5,41.69,26.95,73.44,103.17,True,True,True,True,True,True,True,True,True
2298,FTI,25.57,23.67,21.35,20.69,19.71,12.81,26.95,96.03,True,True,True,True,True,True,True,True,True
2300,FTLF,28.98,24.13,21.57,20.64,19.62,15.28,29.6,90.48,True,True,True,True,True,True,True,True,True
2312,FUNC,22.27,22.13,20.41,19.4,18.68,12.56,23.85,89.68,True,True,True,True,True,True,True,True,True
2316,FUSN,21.41,16.25,9.47,7.91,6.32,2.37,21.43,90.48,True,True,True,True,True,True,True,True,True
2317,FUTU,59.3,55.15,54.75,54.41,52.9,36.86,65.4,88.1,True,True,True,True,True,True,True,True,True
2331,GAIA,3.92,3.18,2.88,2.76,2.65,2.12,3.93,85.71,True,True,True,True,True,True,True,True,True
2336,GALT,3.2,2.49,2.08,1.97,1.79,1.32,4.2,82.54,True,True,True,True,True,True,True,True,True
2346,GATO,10.18,7.84,6.43,6.01,5.5,3.71,10.18,83.33,True,True,True,True,True,True,True,True,True
2348,GAU,1.43,1.22,0.88,0.82,0.73,0.52,1.55,84.13,True,True,True,True,True,True,True,True,True
2352,GBCI,38.23,37.76,35.96,34.83,34.37,27.28,43.46,80.95,True,True,True,True,True,True,True,True,True
2353,GBDC,17.2,16.14,15.28,15.01,14.71,13.02,17.2,115.08,True,True,True,True,True,True,True,True,True
2359,GBX,52.65,50.68,44.34,44.11,42.47,25.68,54.48,84.92,True,True,True,True,True,True,True,True,True
2362,GCMG,9.47,8.95,8.56,8.37,8.18,6.86,9.66,99.21,True,True,True,True,True,True,True,True,True
2364,GCT,36.0,33.25,20.59,18.12,15.69,5.01,43.15,101.59,True,True,True,True,True,True,True,True,True
2368,GD,293.08,279.72,257.3,248.41,241.31,204.18,295.18,89.68,True,True,True,True,True,True,True,True,True
2370,GDDY,122.96,117.89,101.2,94.32,89.64,69.24,126.8,120.63,True,True,True,True,True,True,True,True,True
2384,GE,157.76,136.74,109.42,104.62,98.35,76.78,157.76,110.32,True,True,True,True,True,True,True,True,True
2395,GENC,17.12,16.6,15.57,15.33,15.13,12.63,17.73,81.75,True,True,True,True,True,True,True,True,True
2399,GEO,15.06,13.37,11.02,10.07,9.35,6.95,15.93,75.4,True,True,True,True,True,True,True,True,True
2410,GFI,16.7,15.29,14.12,13.95,13.68,10.4,18.19,73.81,True,True,True,True,True,True,True,True,True
2414,GGAL,31.34,24.56,18.44,17.98,16.91,10.93,31.34,114.29,True,True,True,True,True,True,True,True,True
2427,GHM,28.65,26.25,20.74,19.34,17.79,10.95,33.16,91.27,True,True,True,True,True,True,True,True,True
2433,GIFI,6.8,6.14,4.79,4.43,4.08,2.99,7.72,92.86,True,True,True,True,True,True,True,True,True
2436,GIL,35.49,35.45,33.17,32.44,31.96,27.15,37.85,77.78,True,True,True,True,True,True,True,True,True
2445,GKOS,99.99,92.12,80.52,79.11,76.42,45.44,101.31,88.1,True,True,True,True,True,True,True,True,True
2461,GLP,46.56,46.28,40.13,38.08,36.66,28.35,49.5,96.03,True,True,True,True,True,True,True,True,True
2479,GMGI,3.28,2.95,2.69,2.64,2.58,1.96,3.46,77.78,True,True,True,True,True,True,True,True,True
2485,GNK,21.13,20.0,16.77,16.03,15.41,12.41,21.18,91.27,True,True,True,True,True,True,True,True,True
2503,GOGL,13.3,12.63,10.1,9.45,8.94,6.9,13.93,73.02,True,True,True,True,True,True,True,True,True
2510,GOOG,159.3,147.93,141.42,138.63,135.39,104.45,160.79,101.59,True,True,True,True,True,True,True,True,True
2511,GOOGL,157.68,146.71,140.12,137.5,134.33,103.71,159.41,104.76,True,True,True,True,True,True,True,True,True
2525,GPK,27.22,27.18,24.58,24.17,23.84,20.17,29.4,84.92,True,True,True,True,True,True,True,True,True
2528,GPOR,155.32,149.73,134.55,128.56,123.22,81.59,162.03,92.86,True,True,True,True,True,True,True,True,True
2544,GRIN,13.66,10.69,9.77,9.42,9.06,7.11,14.03,96.03,True,True,True,True,True,True,True,True,True
2545,GRMN,142.6,140.77,124.97,120.01,116.21,95.2,149.0,98.41,True,True,True,True,True,True,True,True,True
2546,GRND,9.7,9.51,7.96,7.36,6.94,4.69,10.84,86.51,True,True,True,True,True,True,True,True,True
2561,GS,418.23,397.1,363.76,356.89,349.12,289.91,418.23,82.54,True,True,True,True,True,True,True,True,True
2577,GTES,17.6,16.22,13.52,13.27,12.86,10.75,17.74,88.1,True,True,True,True,True,True,True,True,True
2578,GTHX,4.22,3.66,2.79,2.6,2.42,1.12,4.88,82.54,True,True,True,True,True,True,True,True,True
2584,GTX,9.67,9.55,8.54,8.33,8.13,7.02,10.03,87.3,True,True,True,True,True,True,True,True,True
2591,GVA,54.37,53.44,47.11,45.64,44.14,33.97,57.36,86.51,True,True,True,True,True,True,True,True,True
2615,HAYN,60.22,59.92,53.31,52.27,51.27,41.28,60.68,96.83,True,True,True,True,True,True,True,True,True
2617,HBAN,13.59,13.27,12.01,11.86,11.59,9.28,14.04,76.98,True,True,True,True,True,True,True,True,True
2621,HBB,22.56,21.23,17.17,15.61,14.33,9.21,24.82,91.27,True,True,True,True,True,True,True,True,True
2625,HBM,7.72,6.64,5.48,5.4,5.14,4.07,7.98,83.33,True,True,True,True,True,True,True,True,True
2626,HBNC,12.22,12.1,11.89,11.78,11.65,7.75,14.65,79.37,True,True,True,True,True,True,True,True,True
2630,HCC,64.72,59.28,56.72,52.82,50.49,32.78,69.97,103.17,True,True,True,True,True,True,True,True,True
2631,HCI,114.82,107.75,86.61,79.31,74.2,48.14,118.96,87.3,True,True,True,True,True,True,True,True,True
2646,HEI,204.51,191.83,178.14,176.3,174.22,154.58,204.51,94.44,True,True,True,True,True,True,True,True,True
2652,HESM,35.43,35.0,32.41,31.85,31.31,27.04,36.48,105.56,True,True,True,True,True,True,True,True,True
2667,HIBB,86.47,74.32,63.57,58.39,54.98,35.28,86.47,81.75,True,True,True,True,True,True,True,True,True
2670,HIG,100.1,97.87,84.56,81.57,78.84,68.22,103.24,111.9,True,True,True,True,True,True,True,True,True
2677,HITI,2.17,1.96,1.74,1.64,1.55,1.19,2.61,83.33,True,True,True,True,True,True,True,True,True
2685,HLI,129.35,127.04,116.72,113.26,110.18,86.32,132.64,103.17,True,True,True,True,True,True,True,True,True
2691,HLNE,112.65,111.94,103.77,100.25,96.97,64.19,119.83,89.68,True,True,True,True,True,True,True,True,True
2696,HLX,11.02,10.36,10.08,9.94,9.55,6.28,11.87,95.24,True,True,True,True,True,True,True,True,True
2699,HMN,36.56,35.86,33.69,32.5,31.94,27.94,37.72,88.89,True,True,True,True,True,True,True,True,True
2702,HMY,8.63,7.47,6.05,5.57,5.14,3.51,9.29,77.78,True,True,True,True,True,True,True,True,True
2720,HOOD,17.68,16.95,12.51,12.22,11.43,7.93,20.13,100.0,True,True,True,True,True,True,True,True,True
2734,HPH,9.18,8.17,6.09,6.04,5.71,2.16,9.59,88.1,True,True,True,True,True,True,True,True,True
2753,HRT,14.33,14.11,12.38,11.89,11.58,8.75,14.34,93.65,True,True,True,True,True,True,True,True,True
2754,HRTG,10.01,8.57,7.24,6.63,6.07,3.23,10.99,80.16,True,True,True,True,True,True,True,True,True
2775,HTGC,18.87,18.24,16.93,16.81,16.47,12.54,18.87,115.08,True,True,True,True,True,True,True,True,True
2781,HTLF,35.72,33.82,33.1,32.72,32.26,26.69,38.67,86.51,True,True,True,True,True,True,True,True,True
2786,HUBB,397.64,392.04,338.1,333.31,325.27,259.41,424.4,103.17,True,True,True,True,True,True,True,True,True
2789,HUBS,645.97,625.89,549.11,544.0,531.89,401.85,682.02,116.67,True,True,True,True,True,True,True,True,True
2801,HUYA,4.5,4.18,3.57,3.39,3.29,2.16,5.1,96.83,True,True,True,True,True,True,True,True,True
2804,HWC,45.65,43.6,42.02,41.94,41.5,32.31,49.36,85.71,True,True,True,True,True,True,True,True,True
2807,HWKN,76.35,73.06,66.25,63.13,60.46,39.71,79.17,82.54,True,True,True,True,True,True,True,True,True
2826,IAG,3.68,3.12,2.64,2.6,2.51,2.02,3.76,74.6,True,True,True,True,True,True,True,True,True
2831,IBCP,25.06,24.26,22.88,22.0,21.39,15.41,27.0,80.16,True,True,True,True,True,True,True,True,True
2834,IBKR,112.94,108.96,92.84,92.0,89.09,71.41,114.76,100.79,True,True,True,True,True,True,True,True,True
2837,IBOC,55.93,53.56,49.8,48.93,48.06,40.33,56.14,78.57,True,True,True,True,True,True,True,True,True
2864,IDR,9.47,8.26,6.55,6.27,5.93,4.51,9.5,101.59,True,True,True,True,True,True,True,True,True
2865,IDT,37.1,37.01,32.43,30.22,29.18,21.96,38.41,85.71,True,True,True,True,True,True,True,True,True
2870,IESC,120.27,112.58,86.2,81.07,74.59,42.3,133.97,119.84,True,True,True,True,True,True,True,True,True
2873,IFF,85.15,81.68,76.7,75.91,75.3,62.82,97.14,79.37,True,True,True,True,True,True,True,True,True
2882,IGIC,13.33,13.12,12.4,11.78,11.34,8.0,13.91,85.71,True,True,True,True,True,True,True,True,True
2901,IIPR,98.1,97.08,89.16,86.98,84.54,64.22,104.35,103.17,True,True,True,True,True,True,True,True,True
2913,IMMP,2.55,2.44,2.19,2.15,2.11,1.54,2.89,78.57,True,True,True,True,True,True,True,True,True
2918,IMO,70.43,66.49,60.58,58.99,57.02,44.46,73.88,85.71,True,True,True,True,True,True,True,True,True
2921,IMPPP,24.42,23.37,21.27,20.89,20.49,18.05,24.5,90.48,True,True,True,True,True,True,True,True,True
2931,INBK,32.81,32.21,25.06,23.69,22.03,9.76,34.93,80.16,True,True,True,True,True,True,True,True,True
2932,INBKZ,23.66,23.24,22.12,22.03,21.65,17.0,23.83,84.92,True,True,True,True,True,True,True,True,True
2965,INSW,53.65,52.66,49.01,47.26,45.75,35.3,55.11,92.06,True,True,True,True,True,True,True,True,True
2977,INVA,15.09,15.05,14.71,14.29,14.1,11.44,16.78,83.33,True,True,True,True,True,True,True,True,True
2988,IOR,16.99,16.07,13.76,13.35,12.8,10.75,17.24,85.71,True,True,True,True,True,True,True,True,True
3014,IRIX,2.98,2.77,2.69,2.47,2.37,1.33,3.53,88.1,True,True,True,True,True,True,True,True,True
3034,ISTR,16.53,16.11,13.96,13.78,13.39,9.26,17.93,75.4,True,True,True,True,True,True,True,True,True
3037,ITCI,74.98,69.4,63.27,62.13,61.55,46.37,79.84,81.75,True,True,True,True,True,True,True,True,True
3038,ITGR,117.3,112.18,97.33,94.39,91.48,69.42,119.31,88.1,True,True,True,True,True,True,True,True,True
3044,ITRI,94.33,88.24,74.0,73.0,71.07,51.15,95.85,78.57,True,True,True,True,True,True,True,True,True
3047,ITT,129.29,128.21,115.07,111.0,107.15,76.16,137.08,107.14,True,True,True,True,True,True,True,True,True
3071,JAN,4.75,2.36,1.1,1.01,0.81,0.3,4.75,95.24,True,True,True,True,True,True,True,True,True
3072,JANX,48.39,36.2,18.09,16.51,13.55,5.85,52.65,71.43,True,True,True,True,True,True,True,True,True
3076,JBI,15.09,14.8,12.69,12.3,11.84,8.81,15.42,108.73,True,True,True,True,True,True,True,True,True
3087,JEF,44.11,42.88,38.89,38.12,37.12,29.08,46.13,85.71,True,True,True,True,True,True,True,True,True
3121,JPM,191.21,188.85,167.49,163.35,158.6,134.1,200.3,110.32,True,True,True,True,True,True,True,True,True
3139,JXN,67.79,60.52,50.3,46.39,43.0,27.7,67.79,104.76,True,True,True,True,True,True,True,True,True
3151,KARO,27.2,25.67,24.51,24.34,24.09,18.59,27.2,76.19,True,True,True,True,True,True,True,True,True
3165,KEQU,34.71,31.94,25.35,22.97,21.16,14.66,36.1,94.44,True,True,True,True,True,True,True,True,True
3166,KEX,101.22,91.62,83.23,82.61,80.48,66.6,101.22,106.35,True,True,True,True,True,True,True,True,True
3173,KFY,63.51,62.72,55.93,54.83,53.6,44.81,66.14,96.83,True,True,True,True,True,True,True,True,True
3174,KGC,6.55,5.71,5.53,5.38,5.22,4.36,6.77,87.3,True,True,True,True,True,True,True,True,True
3181,KINS,4.26,3.85,2.82,2.47,2.19,1.07,4.65,96.03,True,True,True,True,True,True,True,True,True
3195,KMPB,22.39,22.3,20.41,19.83,19.37,16.98,23.41,103.97,True,True,True,True,True,True,True,True,True
3196,KMPR,59.07,58.34,50.85,50.16,49.13,39.21,64.05,92.06,True,True,True,True,True,True,True,True,True
3201,KNF,77.25,76.0,64.3,60.11,56.88,36.89,82.05,123.81,True,True,True,True,True,True,True,True,True
3220,KR,56.74,53.45,47.79,47.67,46.74,42.44,57.82,100.0,True,True,True,True,True,True,True,True,True
3229,KRO,11.47,10.6,9.15,9.07,8.79,6.56,12.28,86.51,True,True,True,True,True,True,True,True,True
3236,KRYS,163.44,160.33,129.6,127.99,123.1,82.18,180.42,95.24,True,True,True,True,True,True,True,True,True
3250,KUKE,2.86,2.27,1.46,1.24,1.07,0.46,3.24,92.06,True,True,True,True,True,True,True,True,True
3266,L,76.49,75.49,70.38,68.32,66.73,55.7,78.29,103.97,True,True,True,True,True,True,True,True,True
3269,LABP,21.92,12.73,7.02,6.24,4.55,2.75,21.96,107.14,True,True,True,True,True,True,True,True,True
3275,LAMR,115.5,113.57,101.97,99.66,97.95,78.53,120.58,96.83,True,True,True,True,True,True,True,True,True
3288,LAZ,39.36,39.16,34.83,34.63,33.86,26.4,41.87,76.98,True,True,True,True,True,True,True,True,True
3295,LBRT,22.47,21.26,19.63,18.82,18.0,11.74,22.7,80.95,True,True,True,True,True,True,True,True,True
3308,LDOS,127.71,126.76,111.18,107.11,103.2,76.92,131.09,88.89,True,True,True,True,True,True,True,True,True
3327,LEVI,21.94,19.0,16.38,15.82,15.27,12.82,21.94,100.79,True,True,True,True,True,True,True,True,True
3331,LFMD,11.01,9.05,7.46,6.64,6.04,1.47,11.53,107.94,True,True,True,True,True,True,True,True,True
3332,LFMDP,22.43,21.45,19.5,19.33,18.84,14.24,23.47,95.24,True,True,True,True,True,True,True,True,True
3360,LII,471.79,469.72,428.15,411.42,396.56,257.07,499.26,111.9,True,True,True,True,True,True,True,True,True
3389,LMNR,19.82,18.86,17.44,16.9,16.55,13.9,21.09,75.4,True,True,True,True,True,True,True,True,True
3416,LPG,40.78,37.78,37.54,34.82,33.39,21.11,47.8,100.79,True,True,True,True,True,True,True,True,True
3471,LWAY,20.48,15.05,13.44,12.19,10.96,5.75,21.39,82.54,True,True,True,True,True,True,True,True,True
3483,LYG,2.54,2.44,2.25,2.23,2.2,1.89,2.7,76.98,True,True,True,True,True,True,True,True,True
3501,MAMA,5.18,4.86,4.39,4.23,4.06,1.86,5.32,82.54,True,True,True,True,True,True,True,True,True
3530,MBINO,24.56,24.49,23.2,22.82,22.39,16.34,25.13,91.27,True,True,True,True,True,True,True,True,True
3544,MCBS,24.27,23.78,22.46,21.88,21.38,14.3,25.43,99.21,True,True,True,True,True,True,True,True,True
3550,MCK,531.26,525.14,483.85,467.49,456.14,354.01,540.09,103.17,True,True,True,True,True,True,True,True,True
3559,MCY,56.27,49.54,40.13,37.53,35.42,27.7,56.27,81.75,True,True,True,True,True,True,True,True,True
3569,MDRRP,24.51,24.3,23.63,22.71,22.32,12.3,25.34,88.1,True,True,True,True,True,True,True,True,True
3577,MEC,14.0,13.21,12.74,12.47,12.43,9.59,15.22,108.73,True,True,True,True,True,True,True,True,True
3588,MERC,9.85,9.38,9.02,8.93,8.81,7.48,10.18,83.33,True,True,True,True,True,True,True,True,True
3591,MET,72.24,71.15,66.61,65.55,63.95,49.12,74.11,92.86,True,True,True,True,True,True,True,True,True
3592,META,495.95,494.92,393.38,370.63,349.66,207.55,527.34,94.44,True,True,True,True,True,True,True,True,True
3600,MFG,3.95,3.88,3.6,3.52,3.44,2.85,4.29,84.92,True,True,True,True,True,True,True,True,True
3603,MFIC,15.31,14.65,13.88,13.76,13.51,10.99,15.31,108.73,True,True,True,True,True,True,True,True,True
3606,MG,9.1,8.98,7.35,7.09,6.92,5.04,9.71,90.48,True,True,True,True,True,True,True,True,True
3627,MGY,25.68,24.25,22.46,22.44,21.89,18.92,26.98,86.51,True,True,True,True,True,True,True,True,True
3649,MIR,11.2,10.47,9.31,8.96,8.69,6.76,11.39,92.86,True,True,True,True,True,True,True,True,True
3653,MITK,13.21,12.67,11.87,11.72,11.43,8.78,14.83,86.51,True,True,True,True,True,True,True,True,True
3664,ML,71.29,63.83,46.62,38.94,33.06,9.02,85.92,101.59,True,True,True,True,True,True,True,True,True
3669,MLI,56.97,51.84,45.29,43.92,42.85,35.07,56.97,95.24,True,True,True,True,True,True,True,True,True
3671,MLM,592.57,587.87,504.1,489.88,474.46,344.52,621.53,126.19,True,True,True,True,True,True,True,True,True
3674,MLR,50.39,47.74,42.35,41.38,39.93,32.45,53.13,103.17,True,True,True,True,True,True,True,True,True
3690,MMYT,65.13,64.07,50.84,46.76,42.89,22.51,75.97,110.32,True,True,True,True,True,True,True,True,True
3695,MNMD,9.27,8.14,4.93,4.76,4.15,2.43,11.75,79.37,True,True,True,True,True,True,True,True,True
3725,MOR,18.08,17.89,11.58,10.64,9.63,4.55,18.18,91.27,True,True,True,True,True,True,True,True,True
3727,MORN,302.76,299.71,275.58,263.0,252.85,172.03,315.06,88.1,True,True,True,True,True,True,True,True,True
3735,MPC,197.78,189.98,164.62,158.17,149.35,104.91,219.13,108.73,True,True,True,True,True,True,True,True,True
3781,MSGE,39.08,38.27,33.94,33.72,33.34,22.05,40.09,85.71,True,True,True,True,True,True,True,True,True
3792,MTAL,13.11,12.74,11.72,11.58,11.28,9.39,13.55,82.54,True,True,True,True,True,True,True,True,True
3793,MTB,146.47,140.13,132.5,132.28,130.66,108.94,146.47,88.89,True,True,True,True,True,True,True,True,True
3798,MTEK,1.5,1.43,1.18,1.14,1.08,0.79,1.73,82.54,True,True,True,True,True,True,True,True,True
3810,MTSI,97.62,93.41,86.4,83.29,79.84,53.81,102.78,94.44,True,True,True,True,True,True,True,True,True
3816,MU,112.58,103.44,85.71,81.07,75.91,58.14,128.01,92.86,True,True,True,True,True,True,True,True,True
3826,MUSA,418.2,412.31,378.9,362.69,351.22,273.12,426.97,92.86,True,True,True,True,True,True,True,True,True
3843,MYE,21.73,21.06,19.09,19.05,18.82,16.33,23.22,84.13,True,True,True,True,True,True,True,True,True
3865,NAMS,21.64,21.44,14.97,13.97,13.16,5.98,24.23,84.92,True,True,True,True,True,True,True,True,True
3874,NATR,19.67,18.88,17.81,17.14,16.52,10.34,20.87,79.37,True,True,True,True,True,True,True,True,True
3883,NBIX,141.0,136.24,126.18,120.78,116.88,89.53,143.74,87.3,True,True,True,True,True,True,True,True,True
3884,NBN,53.43,53.02,51.35,49.85,48.74,35.4,58.48,92.06,True,True,True,True,True,True,True,True,True
3897,NCMI,4.74,4.56,4.26,4.17,4.01,2.4,5.63,73.81,True,True,True,True,True,True,True,True,True
3907,NDAQ,61.46,59.51,55.58,54.45,53.41,47.25,63.56,103.17,True,True,True,True,True,True,True,True,True
3936,NEXA,7.33,7.1,6.53,6.23,6.02,4.25,7.51,80.16,True,True,True,True,True,True,True,True,True
3948,NGD,1.75,1.54,1.34,1.28,1.21,0.89,1.86,73.81,True,True,True,True,True,True,True,True,True
3950,NGL,5.86,5.85,5.03,4.76,4.57,2.67,6.05,87.3,True,True,True,True,True,True,True,True,True
3951,NGMS,29.46,28.79,27.82,27.63,27.39,12.68,29.46,95.24,True,True,True,True,True,True,True,True,True
3953,NGS,24.11,19.21,16.05,14.67,13.44,9.59,24.11,100.79,True,True,True,True,True,True,True,True,True
3957,NHI,62.9,58.99,55.07,54.43,53.71,48.19,62.9,93.65,True,True,True,True,True,True,True,True,True
3959,NHTC,6.66,6.47,5.93,5.81,5.67,4.96,7.09,104.76,True,True,True,True,True,True,True,True,True
3968,NISN,7.11,4.94,3.84,3.68,3.51,2.18,7.11,85.71,True,True,True,True,True,True,True,True,True
3980,NL,7.83,6.65,5.6,5.54,5.32,4.59,8.4,81.75,True,True,True,True,True,True,True,True,True
3992,NMIH,30.6,30.23,29.13,28.85,28.36,22.36,32.34,88.1,True,True,True,True,True,True,True,True,True
3994,NMM,42.93,39.18,29.92,28.16,26.15,19.3,45.36,94.44,True,True,True,True,True,True,True,True,True
4002,NN,8.55,5.69,4.9,4.64,4.21,1.99,8.55,88.1,True,True,True,True,True,True,True,True,True
4036,NR,7.31,6.99,6.83,6.52,6.27,3.46,7.69,95.24,True,True,True,True,True,True,True,True,True
4042,NRG,72.17,63.62,52.3,48.65,45.23,31.04,74.59,121.43,True,True,True,True,True,True,True,True,True
4045,NRIX,14.14,13.29,9.46,9.38,8.95,4.25,17.48,75.4,True,True,True,True,True,True,True,True,True
4061,NSSC,42.42,41.4,32.98,32.59,32.23,18.37,46.11,82.54,True,True,True,True,True,True,True,True,True
4063,NSYS,17.07,13.23,10.56,10.37,9.83,7.5,17.51,92.86,True,True,True,True,True,True,True,True,True
4074,NTNX,62.11,61.88,49.62,44.98,41.74,23.42,65.98,104.76,True,True,True,True,True,True,True,True,True
4076,NTRA,92.42,86.44,64.84,61.65,57.63,37.55,97.48,95.24,True,True,True,True,True,True,True,True,True
4080,NTRS,84.15,83.24,78.2,77.83,76.72,63.06,88.92,87.3,True,True,True,True,True,True,True,True,True
4112,NVO,127.03,126.4,109.65,104.26,99.89,76.12,135.92,82.54,True,True,True,True,True,True,True,True,True
4114,NVR,7806.15,7714.34,6855.81,6704.86,6540.01,5377.29,8099.96,100.79,True,True,True,True,True,True,True,True,True
4119,NVT,72.77,70.58,60.04,58.59,56.19,40.48,78.13,102.38,True,True,True,True,True,True,True,True,True
4138,NXE,7.8,7.63,6.91,6.45,6.13,3.59,8.81,88.89,True,True,True,True,True,True,True,True,True
4170,OBE,8.2,7.67,7.51,7.36,7.11,5.43,8.78,92.86,True,True,True,True,True,True,True,True,True
4175,OC,166.19,158.17,144.69,143.11,139.2,98.55,172.66,93.65,True,True,True,True,True,True,True,True,True
4201,OFG,36.13,35.74,34.27,33.47,32.63,23.0,38.51,76.98,True,True,True,True,True,True,True,True,True
4216,OKE,79.78,76.9,70.74,69.43,67.63,56.58,80.17,97.62,True,True,True,True,True,True,True,True,True
4234,OMF,49.53,48.23,44.45,44.13,43.58,34.3,51.09,96.83,True,True,True,True,True,True,True,True,True
4237,OMI,25.32,24.92,20.52,19.9,19.24,13.55,27.95,85.71,True,True,True,True,True,True,True,True,True
4281,OR,15.61,15.5,14.08,14.02,13.93,11.46,17.58,78.57,True,True,True,True,True,True,True,True,True
4295,ORRF,26.2,26.14,25.11,24.33,23.74,15.66,29.66,70.63,True,True,True,True,True,True,True,True,True
4297,OSCR,17.11,15.26,10.52,9.68,9.07,4.85,18.25,81.75,True,True,True,True,True,True,True,True,True
4299,OSIS,140.31,135.48,126.07,125.01,123.19,102.1,142.82,88.1,True,True,True,True,True,True,True,True,True
4300,OSK,121.62,116.74,105.57,103.65,99.97,72.9,127.15,93.65,True,True,True,True,True,True,True,True,True
4313,OUT,15.51,15.28,13.04,13.01,12.96,8.36,16.81,77.78,True,True,True,True,True,True,True,True,True
4317,OVV,52.26,50.17,46.56,46.32,44.78,32.08,55.56,95.24,True,True,True,True,True,True,True,True,True
4318,OWL,18.6,18.18,15.35,14.47,13.77,9.85,19.6,96.03,True,True,True,True,True,True,True,True,True
4334,OZK,45.52,43.47,42.7,42.33,41.89,31.33,51.61,80.16,True,True,True,True,True,True,True,True,True
4336,PAA,17.96,17.09,15.94,15.7,15.29,12.27,18.88,107.94,True,True,True,True,True,True,True,True,True
4343,PAGP,18.73,17.82,16.6,16.37,15.95,12.81,19.65,115.08,True,True,True,True,True,True,True,True,True
4355,PARAA,23.05,21.7,19.08,18.85,18.5,13.45,26.82,72.22,True,True,True,True,True,True,True,True,True
4367,PAYS,4.38,3.54,2.74,2.57,2.4,1.69,4.53,86.51,True,True,True,True,True,True,True,True,True
4372,PBF,56.45,54.0,48.87,48.42,46.71,31.43,62.04,81.75,True,True,True,True,True,True,True,True,True
4376,PBI,4.22,4.09,3.96,3.84,3.78,2.85,4.44,76.19,True,True,True,True,True,True,True,True,True
4379,PBR,16.81,15.99,15.75,15.34,15.17,10.12,17.7,79.37,True,True,True,True,True,True,True,True,True
4410,PDX,21.34,20.59,19.85,19.07,18.52,14.01,21.65,103.97,True,True,True,True,True,True,True,True,True
4414,PEBK,28.0,27.06,26.3,24.9,24.08,17.22,30.94,77.78,True,True,True,True,True,True,True,True,True
4436,PFBC,77.77,73.33,68.89,67.43,65.61,44.16,77.77,79.37,True,True,True,True,True,True,True,True,True
4451,PFSI,91.9,87.82,81.13,79.13,77.22,56.59,93.24,82.54,True,True,True,True,True,True,True,True,True
4453,PFX,45.29,44.51,41.23,40.3,39.66,32.0,45.49,82.54,True,True,True,True,True,True,True,True,True
4459,PGR,213.63,200.53,173.4,162.47,155.1,114.78,214.69,114.29,True,True,True,True,True,True,True,True,True
4466,PH,547.92,540.58,467.16,451.79,435.1,311.65,566.67,89.68,True,True,True,True,True,True,True,True,True
4476,PHM,112.64,110.45,96.42,92.55,89.06,64.63,120.62,99.21,True,True,True,True,True,True,True,True,True
4483,PI,126.03,116.6,90.01,84.64,81.84,49.23,136.0,92.06,True,True,True,True,True,True,True,True,True
4491,PIPR,192.95,191.27,168.87,163.03,157.25,123.52,200.96,95.24,True,True,True,True,True,True,True,True,True
4515,PLMR,80.65,77.01,63.39,61.31,59.29,47.03,84.25,83.33,True,True,True,True,True,True,True,True,True
4526,PLUS,79.55,78.3,72.21,69.65,67.62,42.0,82.87,100.79,True,True,True,True,True,True,True,True,True
4547,PNC,157.16,151.94,140.54,137.01,134.24,109.71,161.6,96.03,True,True,True,True,True,True,True,True,True
4549,PNFP,83.25,82.25,77.75,75.45,73.05,46.17,91.82,92.86,True,True,True,True,True,True,True,True,True
4553,PNNT,7.14,6.79,6.68,6.64,6.54,4.76,7.21,106.35,True,True,True,True,True,True,True,True,True
4554,PNR,80.48,80.01,71.07,70.31,68.38,52.42,85.44,106.35,True,True,True,True,True,True,True,True,True
4557,PNTG,21.07,18.87,15.08,14.21,13.46,10.58,21.07,92.06,True,True,True,True,True,True,True,True,True
4567,POST,104.19,103.95,93.24,91.77,90.2,79.62,106.87,77.78,True,True,True,True,True,True,True,True,True
4570,POWW,2.68,2.52,2.32,2.27,2.22,1.61,3.02,76.98,True,True,True,True,True,True,True,True,True
4574,PPC,35.83,33.02,28.28,27.4,26.11,20.38,36.0,108.73,True,True,True,True,True,True,True,True,True
4580,PPTA,6.18,4.27,3.63,3.59,3.43,2.73,6.5,72.22,True,True,True,True,True,True,True,True,True
4582,PR,17.04,16.42,14.53,14.03,13.36,9.07,18.08,102.38,True,True,True,True,True,True,True,True,True
4587,PRCT,53.64,49.19,41.29,39.51,38.09,24.89,53.64,86.51,True,True,True,True,True,True,True,True,True
4597,PRIM,45.09,41.57,35.15,34.58,33.18,23.77,46.76,92.86,True,True,True,True,True,True,True,True,True
4598,PRK,136.07,129.6,119.81,116.17,113.82,92.83,137.26,84.13,True,True,True,True,True,True,True,True,True
4605,PRMW,18.79,17.07,15.29,15.08,14.58,12.43,18.79,79.37,True,True,True,True,True,True,True,True,True
4625,PRU,111.78,111.27,102.63,100.65,98.15,78.04,117.4,103.17,True,True,True,True,True,True,True,True,True
4632,PSFE,14.86,14.47,12.81,12.68,12.21,9.32,16.75,76.98,True,True,True,True,True,True,True,True,True
4639,PSO,12.65,12.6,12.0,11.69,11.48,9.36,13.16,91.27,True,True,True,True,True,True,True,True,True
4641,PSTG,51.84,50.17,40.93,40.07,38.56,22.22,57.16,92.86,True,True,True,True,True,True,True,True,True
4645,PSX,157.27,154.54,134.51,128.89,122.44,90.81,172.71,110.32,True,True,True,True,True,True,True,True,True
4659,PTVE,14.77,14.16,12.33,11.31,10.64,6.87,15.26,94.44,True,True,True,True,True,True,True,True,True
4660,PTWO,13.5,12.28,11.26,11.06,10.85,10.15,13.78,90.48,True,True,True,True,True,True,True,True,True
4662,PUBM,22.98,21.13,16.68,16.42,15.99,11.16,23.75,82.54,True,True,True,True,True,True,True,True,True
4671,PWFL,4.09,3.83,2.93,2.81,2.68,1.74,5.34,84.92,True,True,True,True,True,True,True,True,True
4674,PWP,15.92,14.02,12.03,11.6,10.95,7.15,15.92,100.0,True,True,True,True,True,True,True,True,True
4675,PWR,250.54,243.18,207.69,206.53,200.41,159.62,263.2,92.06,True,True,True,True,True,True,True,True,True
4679,PXD,273.51,251.75,238.19,235.92,229.64,198.66,275.32,98.41,True,True,True,True,True,True,True,True,True
4691,PZG,0.45,0.39,0.36,0.35,0.33,0.28,0.47,78.57,True,True,True,True,True,True,True,True,True
4695,QCRH,58.35,57.08,54.41,53.36,51.95,36.49,62.37,84.92,True,True,True,True,True,True,True,True,True
4709,QNST,17.22,16.15,12.99,12.08,11.28,6.92,17.66,73.81,True,True,True,True,True,True,True,True,True
4712,QRHC,8.87,7.81,7.37,7.34,7.08,5.3,9.42,76.98,True,True,True,True,True,True,True,True,True
4724,QTWO,53.31,48.89,41.06,39.18,37.08,21.65,53.79,102.38,True,True,True,True,True,True,True,True,True
4731,R,119.95,114.42,109.81,106.63,103.5,77.43,121.21,92.06,True,True,True,True,True,True,True,True,True
4733,RACE,419.43,417.04,362.58,350.18,339.88,275.41,439.59,96.03,True,True,True,True,True,True,True,True,True
4743,RBB,18.24,17.41,16.21,15.62,15.14,9.07,19.98,76.98,True,True,True,True,True,True,True,True,True
4762,RCL,135.75,128.46,114.24,110.98,107.67,59.56,140.56,105.56,True,True,True,True,True,True,True,True,True
4775,RDN,30.34,30.26,28.05,27.72,27.16,23.29,33.47,94.44,True,True,True,True,True,True,True,True,True
4776,RDNT,48.78,45.0,36.79,35.52,33.98,25.42,49.23,91.27,True,True,True,True,True,True,True,True,True
4784,REAX,3.78,3.24,2.25,2.12,1.94,1.13,4.35,88.89,True,True,True,True,True,True,True,True,True
4808,REVG,22.15,20.31,17.8,16.69,15.82,9.91,23.54,98.41,True,True,True,True,True,True,True,True,True
4809,REX,57.62,48.72,43.59,42.05,39.89,27.71,59.9,81.75,True,True,True,True,True,True,True,True,True
4820,RGA,190.34,182.69,166.46,160.05,155.55,135.26,194.93,92.06,True,True,True,True,True,True,True,True,True
4826,RGLS,2.28,2.13,1.59,1.56,1.45,1.13,2.88,89.68,True,True,True,True,True,True,True,True,True
4852,RITM,11.07,10.82,10.35,10.25,10.1,7.64,11.32,92.06,True,True,True,True,True,True,True,True,True
4855,RJF,126.14,122.44,111.01,109.92,107.46,83.46,129.99,102.38,True,True,True,True,True,True,True,True,True
4883,RNA,24.76,21.26,12.38,11.48,10.22,4.87,26.87,76.19,True,True,True,True,True,True,True,True,True
4919,RRC,36.55,33.18,32.25,32.06,31.4,24.27,37.35,93.65,True,True,True,True,True,True,True,True,True
4921,RRR,58.73,58.28,50.5,49.32,48.07,38.13,62.48,85.71,True,True,True,True,True,True,True,True,True
4925,RSG,192.14,186.14,167.51,162.8,158.85,137.25,192.14,109.52,True,True,True,True,True,True,True,True,True
4926,RSI,6.16,6.13,4.96,4.77,4.44,2.88,7.19,89.68,True,True,True,True,True,True,True,True,True
4930,RSVR,8.22,7.5,6.7,6.41,6.24,5.26,8.25,84.92,True,True,True,True,True,True,True,True,True
4958,RXST,53.97,52.53,39.97,37.54,35.07,17.37,57.92,100.0,True,True,True,True,True,True,True,True,True
4961,RYAAY,141.69,141.44,123.46,117.93,114.61,87.58,148.58,100.0,True,True,True,True,True,True,True,True,True
4972,SA,14.78,13.52,12.01,12.0,11.69,9.43,16.65,76.19,True,True,True,True,True,True,True,True,True
4988,SAN,5.03,4.47,4.11,4.04,3.91,3.21,5.03,101.59,True,True,True,True,True,True,True,True,True
5006,SB,4.95,4.75,4.01,3.81,3.66,2.99,5.13,84.13,True,True,True,True,True,True,True,True,True
5017,SBLK,23.88,23.59,21.28,20.38,19.84,16.91,24.89,74.6,True,True,True,True,True,True,True,True,True
5033,SCCO,111.31,97.38,83.86,82.92,79.13,65.03,116.95,84.13,True,True,True,True,True,True,True,True,True
5036,SCHW,74.88,68.82,62.54,62.32,60.69,47.37,74.88,82.54,True,True,True,True,True,True,True,True,True
5048,SCSC,42.84,42.22,37.21,35.41,34.26,26.2,44.28,76.19,True,True,True,True,True,True,True,True,True
5049,SCVL,34.78,32.77,27.85,26.84,25.76,19.57,37.0,76.98,True,True,True,True,True,True,True,True,True
5052,SCX,16.01,14.02,12.11,11.88,11.35,9.01,16.03,81.75,True,True,True,True,True,True,True,True,True
5083,SERA,10.08,9.34,5.66,4.85,4.25,1.55,11.25,86.51,True,True,True,True,True,True,True,True,True
5088,SF,77.82,75.77,68.32,67.13,65.5,55.44,78.17,105.56,True,True,True,True,True,True,True,True,True
5090,SFBS,65.14,62.9,58.6,57.51,55.69,40.3,69.71,77.78,True,True,True,True,True,True,True,True,True
5093,SFM,64.67,61.39,50.73,47.79,45.09,32.63,65.43,123.81,True,True,True,True,True,True,True,True,True
5100,SGC,17.0,15.49,12.6,11.64,10.93,7.4,17.25,92.06,True,True,True,True,True,True,True,True,True
5125,SHIP,9.45,8.47,7.19,6.72,6.32,4.05,9.55,85.71,True,True,True,True,True,True,True,True,True
5142,SIG,100.99,99.96,90.68,86.79,83.34,57.55,107.7,89.68,True,True,True,True,True,True,True,True,True
5143,SIGA,8.78,7.13,5.88,5.64,5.3,4.32,9.91,92.06,True,True,True,True,True,True,True,True,True
5146,SII,40.09,37.75,34.02,33.78,33.11,28.43,42.02,88.89,True,True,True,True,True,True,True,True,True
5150,SILV,7.72,6.28,5.81,5.64,5.52,4.3,7.9,76.98,True,True,True,True,True,True,True,True,True
5173,SKWD,37.1,35.9,32.5,30.47,29.35,21.04,38.25,84.92,True,True,True,True,True,True,True,True,True
5176,SKYE,13.99,12.19,5.89,5.56,4.76,1.44,18.0,88.1,True,True,True,True,True,True,True,True,True
5179,SKYW,72.83,65.99,53.31,50.5,47.65,23.56,72.83,93.65,True,True,True,True,True,True,True,True,True
5190,SLG,51.84,49.95,42.81,41.13,38.87,20.6,55.13,96.83,True,True,True,True,True,True,True,True,True
5194,SLM,21.8,20.78,17.66,17.05,16.59,12.81,21.8,84.92,True,True,True,True,True,True,True,True,True
5195,SLMBP,75.94,73.98,69.35,66.88,64.96,54.26,76.28,99.21,True,True,True,True,True,True,True,True,True
5210,SLVM,60.78,58.79,50.73,48.82,47.1,37.85,62.86,81.75,True,True,True,True,True,True,True,True,True
5211,SM,49.45,46.38,40.89,40.24,38.27,25.29,52.76,106.35,True,True,True,True,True,True,True,True,True
5216,SMFG,11.4,11.36,10.34,10.04,9.75,7.84,12.33,106.35,True,True,True,True,True,True,True,True,True
5218,SMG,68.91,67.02,59.12,58.97,58.03,43.74,76.06,76.19,True,True,True,True,True,True,True,True,True
5219,SMHI,12.81,12.51,12.39,12.29,12.05,7.6,15.19,78.57,True,True,True,True,True,True,True,True,True
5221,SMLP,27.59,22.91,19.45,18.22,17.08,13.05,28.6,81.75,True,True,True,True,True,True,True,True,True
5223,SMMF,27.64,26.28,25.63,25.05,24.57,17.6,31.28,87.3,True,True,True,True,True,True,True,True,True
5245,SNDA,30.99,22.44,13.72,12.6,10.72,6.3,32.3,96.03,True,True,True,True,True,True,True,True,True
5264,SNX,115.68,107.89,102.55,101.68,99.75,86.92,118.23,96.03,True,True,True,True,True,True,True,True,True
5290,SOPH,4.93,4.89,4.24,3.99,3.91,2.3,5.62,89.68,True,True,True,True,True,True,True,True,True
5313,SPNT,12.25,12.23,11.28,10.98,10.67,8.58,12.89,96.03,True,True,True,True,True,True,True,True,True
5315,SPOT,312.39,268.4,211.4,196.34,183.69,131.57,312.39,115.08,True,True,True,True,True,True,True,True,True
5328,SPXC,118.33,116.49,98.94,94.33,90.77,61.68,124.29,103.97,True,True,True,True,True,True,True,True,True
5335,SQSP,36.1,34.17,31.32,31.24,30.7,26.22,37.79,89.68,True,True,True,True,True,True,True,True,True
5345,SRG,9.48,9.4,8.87,8.77,8.7,7.12,9.86,85.71,True,True,True,True,True,True,True,True,True
5358,SSIC,10.9,9.74,9.24,9.2,9.01,7.65,11.07,83.33,True,True,True,True,True,True,True,True,True
5378,STC,63.56,61.73,54.34,52.18,50.29,39.01,65.06,98.41,True,True,True,True,True,True,True,True,True
5383,STEP,36.74,34.91,31.54,30.91,29.83,21.1,37.0,96.83,True,True,True,True,True,True,True,True,True
5384,STER,15.33,15.08,13.63,13.48,13.14,10.81,16.44,76.98,True,True,True,True,True,True,True,True,True
5400,STNG,70.58,69.71,62.41,58.9,56.41,41.01,73.24,78.57,True,True,True,True,True,True,True,True,True
5411,STRW,8.7,8.02,7.53,7.37,7.26,5.93,8.7,91.27,True,True,True,True,True,True,True,True,True
5414,STTK,9.71,9.17,6.02,5.1,4.51,1.37,10.13,77.78,True,True,True,True,True,True,True,True,True
5420,SU,39.02,35.91,33.81,33.32,32.49,28.0,39.31,97.62,True,True,True,True,True,True,True,True,True
5427,SUPV,6.24,5.1,3.73,3.54,3.27,1.79,6.24,87.3,True,True,True,True,True,True,True,True,True
5442,SWBI,17.25,15.96,14.34,13.86,13.43,10.51,18.04,81.75,True,True,True,True,True,True,True,True,True
5450,SWN,7.38,7.14,6.78,6.7,6.52,4.61,7.63,79.37,True,True,True,True,True,True,True,True,True
5465,SYF,42.45,41.26,36.04,35.43,34.67,26.76,43.48,92.06,True,True,True,True,True,True,True,True,True
5472,SYRE,34.88,33.99,22.35,20.17,17.46,2.65,45.37,92.06,True,True,True,True,True,True,True,True,True
5483,TALK,3.25,3.14,2.46,2.23,2.03,0.78,3.78,93.65,True,True,True,True,True,True,True,True,True
5489,TARO,42.25,42.12,39.68,39.13,38.83,24.62,43.33,71.43,True,True,True,True,True,True,True,True,True
5492,TAST,9.52,9.48,8.08,7.61,7.19,3.68,9.52,96.03,True,True,True,True,True,True,True,True,True
5494,TAYD,50.53,43.38,30.63,28.58,26.03,18.55,60.8,84.92,True,True,True,True,True,True,True,True,True
5514,TCBS,14.25,14.13,13.48,13.22,12.98,9.79,15.24,85.71,True,True,True,True,True,True,True,True,True
5521,TCOM,50.32,45.3,38.51,38.44,37.2,31.21,50.32,96.03,True,True,True,True,True,True,True,True,True
5525,TCRX,7.32,7.05,5.47,4.67,4.22,1.64,8.3,81.75,True,True,True,True,True,True,True,True,True
5533,TDG,1239.88,1193.94,1034.38,996.15,961.08,742.92,1239.88,110.32,True,True,True,True,True,True,True,True,True
5537,TDW,92.07,84.88,72.35,69.97,65.63,39.6,99.13,100.79,True,True,True,True,True,True,True,True,True
5554,TEO,7.87,7.52,6.87,6.59,6.44,4.6,8.64,86.51,True,True,True,True,True,True,True,True,True
5560,TFC,38.69,36.67,34.01,33.29,32.69,26.21,38.98,86.51,True,True,True,True,True,True,True,True,True
5571,TGAN,4.89,4.87,3.77,3.54,3.42,1.98,4.93,78.57,True,True,True,True,True,True,True,True,True
5572,TGB,2.43,1.96,1.51,1.48,1.39,1.07,2.53,73.81,True,True,True,True,True,True,True,True,True
5575,TGLS,56.24,49.75,42.2,42.0,41.37,30.13,59.0,88.89,True,True,True,True,True,True,True,True,True
5577,TGS,16.99,14.57,13.41,13.16,12.85,9.82,18.55,84.92,True,True,True,True,True,True,True,True,True
5578,TGT,166.93,163.83,139.19,136.63,132.99,105.01,177.82,71.43,True,True,True,True,True,True,True,True,True
5582,THC,98.06,97.4,78.51,77.77,75.73,52.66,105.11,93.65,True,True,True,True,True,True,True,True,True
5587,THM,0.64,0.63,0.52,0.49,0.47,0.33,0.8,82.54,True,True,True,True,True,True,True,True,True
5592,THRD,11.56,10.09,8.89,8.21,7.66,4.28,11.98,81.75,True,True,True,True,True,True,True,True,True
5598,TIGO,20.26,18.66,17.31,16.99,16.61,14.64,20.65,78.57,True,True,True,True,True,True,True,True,True
5601,TILE,15.81,15.37,12.32,11.68,10.96,6.62,17.88,96.03,True,True,True,True,True,True,True,True,True
5611,TKC,5.84,5.32,5.03,4.98,4.81,3.56,5.84,88.1,True,True,True,True,True,True,True,True,True
5618,TLIS,9.2,8.56,7.4,7.3,7.16,4.36,9.25,77.78,True,True,True,True,True,True,True,True,True
5632,TME,11.97,10.81,8.92,8.36,8.0,6.02,11.97,82.54,True,True,True,True,True,True,True,True,True
5639,TNC,117.55,113.44,94.32,90.92,87.24,64.99,122.92,89.68,True,True,True,True,True,True,True,True,True
5641,TNET,130.04,127.27,119.01,115.4,112.27,82.0,133.56,84.13,True,True,True,True,True,True,True,True,True
5643,TNK,56.79,56.54,52.16,49.38,47.45,35.52,62.55,73.81,True,True,True,True,True,True,True,True,True
5646,TNP,24.79,24.78,22.88,22.14,21.4,16.04,27.09,81.75,True,True,True,True,True,True,True,True,True
5650,TOL,118.27,117.46,97.3,92.94,88.71,61.36,129.37,97.62,True,True,True,True,True,True,True,True,True
5659,TOWN,27.95,27.05,26.62,26.04,25.78,21.47,30.85,72.22,True,True,True,True,True,True,True,True,True
5661,TPC,13.83,12.43,9.59,9.29,8.57,5.14,15.84,93.65,True,True,True,True,True,True,True,True,True
5666,TPH,36.29,35.63,32.21,31.95,31.54,24.44,38.66,89.68,True,True,True,True,True,True,True,True,True
5677,TRAK,15.98,15.03,11.81,11.18,10.54,6.27,17.65,99.21,True,True,True,True,True,True,True,True,True
5683,TRGP,114.45,106.24,92.49,90.09,86.21,68.05,116.0,96.03,True,True,True,True,True,True,True,True,True
5698,TRNS,111.84,108.56,101.78,100.3,98.27,75.38,114.48,92.86,True,True,True,True,True,True,True,True,True
5702,TROX,17.46,15.94,13.76,13.69,13.27,10.19,17.71,84.92,True,True,True,True,True,True,True,True,True
5719,TS,37.48,37.35,34.47,34.02,33.03,24.76,40.28,87.3,True,True,True,True,True,True,True,True,True
5723,TSCO,258.12,250.16,223.73,222.42,219.27,187.81,266.17,82.54,True,True,True,True,True,True,True,True,True
5735,TT,295.77,289.96,247.95,236.22,225.67,163.23,304.67,106.35,True,True,True,True,True,True,True,True,True
5738,TTE,72.46,68.1,66.82,65.49,64.13,55.39,73.67,116.67,True,True,True,True,True,True,True,True,True
5740,TTEK,186.74,183.55,168.3,167.19,164.54,132.63,194.51,90.48,True,True,True,True,True,True,True,True,True
5763,TWIN,16.8,16.16,15.03,14.52,14.0,9.25,17.85,85.71,True,True,True,True,True,True,True,True,True
5776,TXRH,155.49,149.42,123.49,119.59,115.69,91.57,155.49,90.48,True,True,True,True,True,True,True,True,True
5777,TXT,95.29,91.8,83.18,80.99,78.3,61.87,96.98,100.79,True,True,True,True,True,True,True,True,True
5791,UBCP,13.73,12.8,11.87,11.84,11.66,9.9,15.33,74.6,True,True,True,True,True,True,True,True,True
5795,UBSI,34.69,34.27,33.18,32.57,32.23,25.99,38.3,73.02,True,True,True,True,True,True,True,True,True
5811,UFPT,218.12,217.85,181.33,180.28,175.66,136.5,253.27,100.0,True,True,True,True,True,True,True,True,True
5832,UMBF,84.59,81.66,75.62,73.19,71.2,54.27,86.99,79.37,True,True,True,True,True,True,True,True,True
5844,UNTY,27.33,27.22,26.6,26.21,25.9,20.64,30.7,84.13,True,True,True,True,True,True,True,True,True
5856,URG,1.67,1.63,1.61,1.51,1.44,0.83,2.01,98.41,True,True,True,True,True,True,True,True,True
5862,USAP,27.17,22.76,18.27,17.26,16.06,8.55,27.17,92.06,True,True,True,True,True,True,True,True,True
5874,USLM,307.35,282.77,239.46,232.11,222.57,158.55,307.35,96.03,True,True,True,True,True,True,True,True,True
5888,UVE,20.12,19.3,16.87,16.17,15.82,12.03,21.09,75.4,True,True,True,True,True,True,True,True,True
5916,VCTR,50.31,40.9,35.47,34.98,33.8,28.64,50.31,123.02,True,True,True,True,True,True,True,True,True
5923,VEL,16.76,16.7,14.87,14.23,13.72,8.21,18.49,84.92,True,True,True,True,True,True,True,True,True
5936,VFF,1.3,1.01,0.86,0.84,0.77,0.56,1.5,80.95,True,True,True,True,True,True,True,True,True
5948,VIA,10.86,10.85,9.4,9.14,8.97,5.42,12.7,85.71,True,True,True,True,True,True,True,True,True
5962,VIRC,10.49,10.32,9.28,8.09,7.42,3.7,12.72,111.11,True,True,True,True,True,True,True,True,True
5964,VIRT,21.24,19.28,18.64,18.59,18.31,16.19,21.28,93.65,True,True,True,True,True,True,True,True,True
5967,VIST,43.51,39.34,33.04,31.26,29.48,18.99,43.8,95.24,True,True,True,True,True,True,True,True,True
5968,VITL,25.8,21.33,15.92,14.81,13.67,10.26,25.8,106.35,True,True,True,True,True,True,True,True,True
5976,VLGEA,27.26,27.14,25.52,24.94,24.42,20.42,28.61,84.92,True,True,True,True,True,True,True,True,True
5978,VLO,165.63,158.96,139.97,137.44,131.86,104.31,183.39,94.44,True,True,True,True,True,True,True,True,True
5995,VNO,27.15,26.53,25.3,24.54,23.51,12.38,31.34,80.16,True,True,True,True,True,True,True,True,True
5996,VNOM,39.46,37.17,32.36,31.18,29.88,24.86,40.8,95.24,True,True,True,True,True,True,True,True,True
6020,VRRM,24.39,23.41,21.75,21.18,20.68,16.41,25.16,114.29,True,True,True,True,True,True,True,True,True
6023,VRT,79.25,74.55,54.91,49.42,43.87,12.23,86.34,122.22,True,True,True,True,True,True,True,True,True
6030,VSEC,77.75,75.72,64.61,62.03,59.7,41.84,82.6,86.51,True,True,True,True,True,True,True,True,True
6034,VST,68.61,61.46,44.65,40.92,36.71,22.97,75.33,122.22,True,True,True,True,True,True,True,True,True
6038,VSTO,34.62,32.01,29.55,29.47,28.96,23.54,34.62,78.57,True,True,True,True,True,True,True,True,True
6056,VVI,35.99,35.9,32.58,31.46,30.38,17.38,39.49,86.51,True,True,True,True,True,True,True,True,True
6069,VZLA,1.36,1.28,1.21,1.18,1.15,0.95,1.63,73.02,True,True,True,True,True,True,True,True,True
6071,WAB,148.32,142.49,125.51,122.23,118.25,92.63,150.5,101.59,True,True,True,True,True,True,True,True,True
6076,WAL,59.4,59.35,55.52,53.72,51.64,18.2,70.11,76.98,True,True,True,True,True,True,True,True,True
6092,WD,94.71,94.08,88.71,88.14,86.67,62.83,113.15,76.19,True,True,True,True,True,True,True,True,True
6094,WDC,69.37,63.99,53.71,50.65,47.65,32.09,73.9,101.59,True,True,True,True,True,True,True,True,True
6106,WES,35.97,33.91,29.97,29.28,28.45,25.18,36.03,93.65,True,True,True,True,True,True,True,True,True
6109,WEX,233.7,229.77,202.21,199.97,194.47,163.32,242.22,109.52,True,True,True,True,True,True,True,True,True
6112,WFC,61.44,56.13,48.46,47.21,45.7,36.72,61.44,93.65,True,True,True,True,True,True,True,True,True
6115,WFRD,117.65,111.89,99.27,95.58,90.43,56.44,126.41,98.41,True,True,True,True,True,True,True,True,True
6123,WHLM,5.08,4.59,4.45,4.25,4.14,3.28,5.08,85.71,True,True,True,True,True,True,True,True,True
6125,WHLRD,15.41,14.71,13.71,13.22,12.95,9.73,15.8,88.1,True,True,True,True,True,True,True,True,True
6132,WING,364.76,349.25,268.58,244.19,228.08,151.2,370.76,119.05,True,True,True,True,True,True,True,True,True
6134,WIRE,285.36,246.32,213.93,202.28,193.55,145.75,291.23,98.41,True,True,True,True,True,True,True,True,True
6148,WLFC,48.98,48.94,46.52,45.49,44.73,37.4,51.87,77.78,True,True,True,True,True,True,True,True,True
6150,WLK,150.54,146.69,135.45,134.09,130.41,103.95,162.06,79.37,True,True,True,True,True,True,True,True,True
6154,WM,209.5,207.35,183.24,177.94,174.03,151.21,213.97,89.68,True,True,True,True,True,True,True,True,True
6155,WMB,38.58,37.03,35.6,35.27,34.58,28.56,39.35,100.79,True,True,True,True,True,True,True,True,True
6171,WPM,52.12,46.1,45.71,45.11,44.42,38.82,52.69,84.92,True,True,True,True,True,True,True,True,True
6177,WRK,48.04,46.79,41.56,39.31,37.43,26.88,49.45,91.27,True,True,True,True,True,True,True,True,True
6182,WSBC,28.94,28.6,27.78,27.44,27.22,21.2,32.01,70.63,True,True,True,True,True,True,True,True,True
6183,WSBCP,24.35,23.96,23.66,23.48,23.37,17.86,24.77,82.54,True,True,True,True,True,True,True,True,True
6186,WSFS,44.56,42.91,41.24,41.11,40.58,29.94,47.34,77.78,True,True,True,True,True,True,True,True,True
6187,WSM,285.95,269.75,209.57,191.35,174.9,111.16,317.53,85.71,True,True,True,True,True,True,True,True,True
6191,WT,8.98,8.51,7.35,7.26,7.06,6.11,9.64,76.19,True,True,True,True,True,True,True,True,True
6193,WTFC,100.08,98.14,89.69,87.2,84.51,60.72,104.67,85.71,True,True,True,True,True,True,True,True,True
6201,WTS,208.81,203.87,195.22,192.6,190.05,156.57,218.0,84.92,True,True,True,True,True,True,True,True,True
6210,WWD,151.79,146.69,136.81,133.94,130.53,91.78,158.24,90.48,True,True,True,True,True,True,True,True,True
6220,XBIT,8.15,7.32,5.25,5.21,4.94,3.06,9.89,80.16,True,True,True,True,True,True,True,True,True
6240,XOMA,26.0,24.56,19.81,18.78,18.08,13.82,26.35,80.95,True,True,True,True,True,True,True,True,True
6258,XTLB,2.57,1.8,1.23,1.15,0.99,0.76,3.33,80.95,True,True,True,True,True,True,True,True,True
6263,XYL,130.76,127.15,111.07,109.47,107.86,87.76,130.76,97.62,True,True,True,True,True,True,True,True,True
6275,YMAB,15.9,15.74,9.91,8.9,8.17,4.86,18.69,77.78,True,True,True,True,True,True,True,True,True
6276,YMM,8.04,7.1,6.96,6.95,6.85,5.57,8.09,75.4,True,True,True,True,True,True,True,True,True
6281,YPF,20.98,18.99,15.94,15.54,14.95,9.93,21.75,80.95,True,True,True,True,True,True,True,True,True
6283,YRD,5.07,5.02,3.74,3.42,3.19,2.02,5.7,86.51,True,True,True,True,True,True,True,True,True
6302,ZENV,2.21,2.15,1.49,1.34,1.19,0.67,2.85,92.86,True,True,True,True,True,True,True,True,True
6305,ZETA,12.0,10.87,9.38,9.11,8.83,7.28,12.23,84.13,True,True,True,True,True,True,True,True,True
6306,ZEUS,68.54,68.16,61.24,58.85,56.71,41.65,72.12,99.21,True,True,True,True,True,True,True,True,True
6315,ZION,41.69,40.76,38.69,37.89,36.61,19.93,45.67,88.1,True,True,True,True,True,True,True,True,True
6316,ZIONL,25.53,25.49,25.37,25.26,25.13,19.25,25.96,91.27,True,True,True,True,True,True,True,True,True
6341,ZWS,32.53,31.9,29.72,29.51,28.93,20.44,33.47,81.75,True,True,True,True,True,True,True,True,True
